type,timestamp,positions
CONTROL,6.068963557481766,"[0.0, 0.0, 0.5, 0.0, 0.0, 0.5]"
CONTROL,20085.143856704235,"[0.01, 0.0, 0.5, 0.0, 0.0, 0.5]"
CONTROL,40142.56689697504,"[0.02, 0.0, 0.5, 0.0, 0.0, 0.5]"
CONTROL,60204.396955668926,"[0.03, 0.0, 0.5, 0.0, 0.0, 0.5]"
CONTROL,80268.66987347603,"[0.04, 0.0, 0.5, 0.0, 0.0, 0.5]"
CONTROL,100331.2908578664,"[0.05, 0.0, 0.5, 0.0, 0.0, 0.5]"
CONTROL,120390.6568698585,"[0.06, 0.0, 0.5, 0.0, 0.0, 0.5]"
CONTROL,140463.7738596648,"[0.07, 0.0, 0.5, 0.0, 0.0, 0.5]"
CONTROL,160526.0439682752,"[0.08, 0.0, 0.5, 0.0, 0.0, 0.5]"
CONTROL,180588.0239699036,"[0.09, 0.0, 0.5, 0.0, 0.0, 0.5]"
CONTROL,200647.22001552582,"[0.1, 0.0, 0.5, 0.0, 0.0, 0.5]"
CONTROL,220708.13784375787,"[0.11, 0.0, 0.5, 0.0, 0.0, 0.5]"
CONTROL,240786.6029534489,"[0.12, 0.0, 0.5, 0.0, 0.0, 0.5]"
CONTROL,260847.2309075296,"[0.13, 0.0, 0.5, 0.0, 0.0, 0.5]"
CONTROL,280913.2169932127,"[0.14, 0.0, 0.5, 0.0, 0.0, 0.5]"
CONTROL,300972.9029145092,"[0.15, 0.0, 0.5, 0.0, 0.0, 0.5]"
CONTROL,321033.1799928099,"[0.16, 0.0, 0.5, 0.0, 0.0, 0.5]"
CONTROL,341099.16584566236,"[0.17, 0.0, 0.5, 0.0, 0.0, 0.5]"
CONTROL,361161.6368871182,"[0.18, 0.0, 0.5, 0.0, 0.0, 0.5]"
CONTROL,381219.68088671565,"[0.19, 0.0, 0.5, 0.0, 0.0, 0.5]"
CONTROL,401274.97096545994,"[0.2, 0.0, 0.5, 0.0, 0.0, 0.5]"
CONTROL,421332.77491666377,"[0.19, 0.0, 0.5, 0.0, 0.0, 0.5]"
CONTROL,441398.4699640423,"[0.18, 0.0, 0.5, 0.0, 0.0, 0.5]"
CONTROL,461458.01595412195,"[0.17, 0.0, 0.5, 0.0, 0.0, 0.5]"
CONTROL,481515.9309655428,"[0.16, 0.0, 0.5, 0.0, 0.0, 0.5]"
CONTROL,501570.8399005234,"[0.15, 0.0, 0.5, 0.0, 0.0, 0.5]"
CONTROL,521635.252982378,"[0.14, 0.0, 0.5, 0.0, 0.0, 0.5]"
CONTROL,541705.9259489179,"[0.13, 0.0, 0.5, 0.0, 0.0, 0.5]"
CONTROL,561765.4628586024,"[0.12, 0.0, 0.5, 0.0, 0.0, 0.5]"
CONTROL,581825.5799822509,"[0.11, 0.0, 0.5, 0.0, 0.0, 0.5]"
CONTROL,601885.7769668102,"[0.1, 0.0, 0.5, 0.0, 0.0, 0.5]"
CONTROL,621945.9238927811,"[0.09, 0.0, 0.5, 0.0, 0.0, 0.5]"
CONTROL,642005.9008523822,"[0.08, 0.0, 0.5, 0.0, 0.0, 0.5]"
CONTROL,662068.5218367726,"[0.07, 0.0, 0.5, 0.0, 0.0, 0.5]"
CONTROL,682124.6629115194,"[0.06, 0.0, 0.5, 0.0, 0.0, 0.5]"
CONTROL,702188.3358247578,"[0.05, 0.0, 0.5, 0.0, 0.0, 0.5]"
CONTROL,722249.5840396732,"[0.04, 0.0, 0.5, 0.0, 0.0, 0.5]"
CONTROL,742309.5609992743,"[0.03, 0.0, 0.5, 0.0, 0.0, 0.5]"
CONTROL,762371.1209744215,"[0.02, 0.0, 0.5, 0.0, 0.0, 0.5]"
CONTROL,782428.5039678216,"[0.01, 0.0, 0.5, 0.0, 0.0, 0.5]"
CONTROL,802490.5538186431,"[0.0, 0.0, 0.5, 0.0, 0.0, 0.5]"
CONTROL,822554.5769091696,"[-0.01, 0.0, 0.5, 0.0, 0.0, 0.5]"
CONTROL,842617.1578466892,"[-0.02, 0.0, 0.5, 0.0, 0.0, 0.5]"
CONTROL,862677.9159530997,"[-0.03, 0.0, 0.5, 0.0, 0.0, 0.5]"
CONTROL,882739.7460117936,"[-0.04, 0.0, 0.5, 0.0, 0.0, 0.5]"
CONTROL,902801.3648930937,"[-0.05, 0.0, 0.5, 0.0, 0.0, 0.5]"
CONTROL,922857.595840469,"[-0.06, 0.0, 0.5, 0.0, 0.0, 0.5]"
CONTROL,942913.2069926709,"[-0.07, 0.0, 0.5, 0.0, 0.0, 0.5]"
CONTROL,962979.8338282853,"[-0.08, 0.0, 0.5, 0.0, 0.0, 0.5]"
CONTROL,983040.3618980199,"[-0.09, 0.0, 0.5, 0.0, 0.0, 0.5]"
CONTROL,1003102.7519144118,"[-0.1, 0.0, 0.5, 0.0, 0.0, 0.5]"
CONTROL,1023198.8828163594,"[-0.11, 0.0, 0.5, 0.0, 0.0, 0.5]"
CONTROL,1043266.2209495902,"[-0.12, 0.0, 0.5, 0.0, 0.0, 0.5]"
CONTROL,1063325.866824016,"[-0.13, 0.0, 0.5, 0.0, 0.0, 0.5]"
CONTROL,1083381.3669160008,"[-0.14, 0.0, 0.5, 0.0, 0.0, 0.5]"
CONTROL,1103450.0368405133,"[-0.15, 0.0, 0.5, 0.0, 0.0, 0.5]"
CONTROL,1123511.3758593798,"[-0.16, 0.0, 0.5, 0.0, 0.0, 0.5]"
CONTROL,1143574.4678601623,"[-0.17, 0.0, 0.5, 0.0, 0.0, 0.5]"
CONTROL,1163634.9959298968,"[-0.18, 0.0, 0.5, 0.0, 0.0, 0.5]"
CONTROL,1183693.6208419502,"[-0.19, 0.0, 0.5, 0.0, 0.0, 0.5]"
CONTROL,1203753.5170093179,"[-0.2, 0.0, 0.5, 0.0, 0.0, 0.5]"
CONTROL,1223813.5139923543,"[-0.19, 0.0, 0.5, 0.0, 0.0, 0.5]"
CONTROL,1243880.9219747782,"[-0.18, 0.0, 0.5, 0.0, 0.0, 0.5]"
CONTROL,1263947.4689494818,"[-0.17, 0.0, 0.5, 0.0, 0.0, 0.5]"
CONTROL,1284005.5029373616,"[-0.16, 0.0, 0.5, 0.0, 0.0, 0.5]"
CONTROL,1304076.0960429907,"[-0.15, 0.0, 0.5, 0.0, 0.0, 0.5]"
CONTROL,1324136.6338916123,"[-0.14, 0.0, 0.5, 0.0, 0.0, 0.5]"
CONTROL,1344204.531982541,"[-0.13, 0.0, 0.5, 0.0, 0.0, 0.5]"
CONTROL,1364269.7669565678,"[-0.12, 0.0, 0.5, 0.0, 0.0, 0.5]"
CONTROL,1384330.625878647,"[-0.11, 0.0, 0.5, 0.0, 0.0, 0.5]"
CONTROL,1404392.2550044954,"[-0.1, 0.0, 0.5, 0.0, 0.0, 0.5]"
CONTROL,1424452.0720094442,"[-0.09, 0.0, 0.5, 0.0, 0.0, 0.5]"
CONTROL,1444514.6629586816,"[-0.08, 0.0, 0.5, 0.0, 0.0, 0.5]"
CONTROL,1464573.3879879117,"[-0.07, 0.0, 0.5, 0.0, 0.0, 0.5]"
CONTROL,1484633.584972471,"[-0.06, 0.0, 0.5, 0.0, 0.0, 0.5]"
CONTROL,1504693.1710094213,"[-0.05, 0.0, 0.5, 0.0, 0.0, 0.5]"
CONTROL,1524772.0959596336,"[-0.04, 0.0, 0.5, 0.0, 0.0, 0.5]"
CONTROL,1544832.434039563,"[-0.03, 0.0, 0.5, 0.0, 0.0, 0.5]"
CONTROL,1564898.5300213099,"[-0.02, 0.0, 0.5, 0.0, 0.0, 0.5]"
CONTROL,1584961.8120118976,"[-0.01, 0.0, 0.5, 0.0, 0.0, 0.5]"
CONTROL,1605029.2600411922,"[0.0, 0.0, 0.5, 0.0, 0.0, 0.5]"
CONTROL,1625088.7559726834,"[0.0, 0.01, 0.5, 0.0, 0.0, 0.5]"
CONTROL,1645148.501964286,"[0.0, 0.02, 0.5, 0.0, 0.0, 0.5]"
CONTROL,1665213.266853243,"[0.0, 0.03, 0.5, 0.0, 0.0, 0.5]"
CONTROL,1685274.8258970678,"[0.0, 0.04, 0.5, 0.0, 0.0, 0.5]"
CONTROL,1705331.4379882067,"[0.0, 0.05, 0.5, 0.0, 0.0, 0.5]"
CONTROL,1725389.8328635842,"[0.0, 0.06, 0.5, 0.0, 0.0, 0.5]"
CONTROL,1745455.1479313523,"[0.0, 0.07, 0.5, 0.0, 0.0, 0.5]"
CONTROL,1765513.6219691485,"[0.0, 0.08, 0.5, 0.0, 0.0, 0.5]"
CONTROL,1785572.6778507233,"[0.0, 0.09, 0.5, 0.0, 0.0, 0.5]"
CONTROL,1805634.1670453548,"[0.0, 0.1, 0.5, 0.0, 0.0, 0.5]"
CONTROL,1825692.320941016,"[0.0, 0.11, 0.5, 0.0, 0.0, 0.5]"
CONTROL,1845755.7829096913,"[0.0, 0.12, 0.5, 0.0, 0.0, 0.5]"
CONTROL,1865814.3980428576,"[0.0, 0.13, 0.5, 0.0, 0.0, 0.5]"
CONTROL,1885875.6369445473,"[0.0, 0.14, 0.5, 0.0, 0.0, 0.5]"
CONTROL,1905942.6540043205,"[0.0, 0.15, 0.5, 0.0, 0.0, 0.5]"
CONTROL,1925999.2358274758,"[0.0, 0.16, 0.5, 0.0, 0.0, 0.5]"
CONTROL,1946059.2840332538,"[0.0, 0.17, 0.5, 0.0, 0.0, 0.5]"
CONTROL,1966118.1890405715,"[0.0, 0.18, 0.5, 0.0, 0.0, 0.5]"
CONTROL,1986181.0498405248,"[0.0, 0.19, 0.5, 0.0, 0.0, 0.5]"
CONTROL,2006239.9748712778,"[0.0, 0.2, 0.5, 0.0, 0.0, 0.5]"
CONTROL,2026321.6148596257,"[0.0, 0.19, 0.5, 0.0, 0.0, 0.5]"
CONTROL,2046381.7520067096,"[0.0, 0.18, 0.5, 0.0, 0.0, 0.5]"
CONTROL,2066441.9988170266,"[0.0, 0.17, 0.5, 0.0, 0.0, 0.5]"
CONTROL,2086503.4679882228,"[0.0, 0.16, 0.5, 0.0, 0.0, 0.5]"
CONTROL,2106561.5529660136,"[0.0, 0.15, 0.5, 0.0, 0.0, 0.5]"
CONTROL,2126620.7878943533,"[0.0, 0.14, 0.5, 0.0, 0.0, 0.5]"
CONTROL,2146682.1969952434,"[0.0, 0.13, 0.5, 0.0, 0.0, 0.5]"
CONTROL,2166741.8039869517,"[0.0, 0.12, 0.5, 0.0, 0.0, 0.5]"
CONTROL,2186800.228897482,"[0.0, 0.11, 0.5, 0.0, 0.0, 0.5]"
CONTROL,2206861.436832696,"[0.0, 0.1, 0.5, 0.0, 0.0, 0.5]"
CONTROL,2226920.4028416425,"[0.0, 0.09, 0.5, 0.0, 0.0, 0.5]"
CONTROL,2246977.5958452374,"[0.0, 0.08, 0.5, 0.0, 0.0, 0.5]"
CONTROL,2267037.842888385,"[0.0, 0.07, 0.5, 0.0, 0.0, 0.5]"
CONTROL,2287100.733956322,"[0.0, 0.06, 0.5, 0.0, 0.0, 0.5]"
CONTROL,2307159.148855135,"[0.0, 0.05, 0.5, 0.0, 0.0, 0.5]"
CONTROL,2327216.5218368173,"[0.0, 0.04, 0.5, 0.0, 0.0, 0.5]"
CONTROL,2347278.2110329717,"[0.0, 0.03, 0.5, 0.0, 0.0, 0.5]"
CONTROL,2367337.6368824393,"[0.0, 0.02, 0.5, 0.0, 0.0, 0.5]"
CONTROL,2387400.3989621997,"[0.0, 0.01, 0.5, 0.0, 0.0, 0.5]"
CONTROL,2407459.7349390388,"[0.0, 0.0, 0.5, 0.0, 0.0, 0.5]"
CONTROL,2427522.214828059,"[0.0, -0.01, 0.5, 0.0, 0.0, 0.5]"
CONTROL,2447581.4308971167,"[0.0, -0.02, 0.5, 0.0, 0.0, 0.5]"
CONTROL,2467640.756862238,"[0.0, -0.03, 0.5, 0.0, 0.0, 0.5]"
CONTROL,2487702.3459412158,"[0.0, -0.04, 0.5, 0.0, 0.0, 0.5]"
CONTROL,2507760.5708502233,"[0.0, -0.05, 0.5, 0.0, 0.0, 0.5]"
CONTROL,2527819.8570013046,"[0.0, -0.06, 0.5, 0.0, 0.0, 0.5]"
CONTROL,2547878.6618914455,"[0.0, -0.07, 0.5, 0.0, 0.0, 0.5]"
CONTROL,2567937.7778433263,"[0.0, -0.08, 0.5, 0.0, 0.0, 0.5]"
CONTROL,2587997.033027932,"[0.0, -0.09, 0.5, 0.0, 0.0, 0.5]"
CONTROL,2608060.374855995,"[0.0, -0.1, 0.5, 0.0, 0.0, 0.5]"
CONTROL,2628124.478040263,"[0.0, -0.11, 0.5, 0.0, 0.0, 0.5]"
CONTROL,2648184.265010059,"[0.0, -0.12, 0.5, 0.0, 0.0, 0.5]"
CONTROL,2668247.025925666,"[0.0, -0.13, 0.5, 0.0, 0.0, 0.5]"
CONTROL,2688306.582858786,"[0.0, -0.14, 0.5, 0.0, 0.0, 0.5]"
CONTROL,2708365.948870778,"[0.0, -0.15, 0.5, 0.0, 0.0, 0.5]"
CONTROL,2728423.250839114,"[0.0, -0.16, 0.5, 0.0, 0.0, 0.5]"
CONTROL,2748478.4109983593,"[0.0, -0.17, 0.5, 0.0, 0.0, 0.5]"
CONTROL,2768537.236843258,"[0.0, -0.18, 0.5, 0.0, 0.0, 0.5]"
CONTROL,2788597.6538527757,"[0.0, -0.19, 0.5, 0.0, 0.0, 0.5]"
CONTROL,2808654.756983742,"[0.0, -0.2, 0.5, 0.0, 0.0, 0.5]"
CONTROL,2828712.0000459254,"[0.0, -0.19, 0.5, 0.0, 0.0, 0.5]"
CONTROL,2848766.718991101,"[0.0, -0.18, 0.5, 0.0, 0.0, 0.5]"
CONTROL,2868824.3119977415,"[0.0, -0.17, 0.5, 0.0, 0.0, 0.5]"
CONTROL,2888884.969986975,"[0.0, -0.16, 0.5, 0.0, 0.0, 0.5]"
CONTROL,2908951.486926526,"[0.0, -0.15, 0.5, 0.0, 0.0, 0.5]"
CONTROL,2929012.064822018,"[0.0, -0.14, 0.5, 0.0, 0.0, 0.5]"
CONTROL,2949071.279959753,"[0.0, -0.13, 0.5, 0.0, 0.0, 0.5]"
CONTROL,2969130.225945264,"[0.0, -0.12, 0.5, 0.0, 0.0, 0.5]"
CONTROL,2989189.191022888,"[0.0, -0.11, 0.5, 0.0, 0.0, 0.5]"
CONTROL,3009249.3079137057,"[0.0, -0.1, 0.5, 0.0, 0.0, 0.5]"
CONTROL,3029336.8559796363,"[0.0, -0.09, 0.5, 0.0, 0.0, 0.5]"
CONTROL,3049396.8529626727,"[0.0, -0.08, 0.5, 0.0, 0.0, 0.5]"
CONTROL,3069456.1989512295,"[0.0, -0.07, 0.5, 0.0, 0.0, 0.5]"
CONTROL,3089513.571932912,"[0.0, -0.06, 0.5, 0.0, 0.0, 0.5]"
CONTROL,3109569.3728420883,"[0.0, -0.05, 0.5, 0.0, 0.0, 0.5]"
CONTROL,3129625.0140294433,"[0.0, -0.04, 0.5, 0.0, 0.0, 0.5]"
CONTROL,3149691.379861906,"[0.0, -0.03, 0.5, 0.0, 0.0, 0.5]"
CONTROL,3169749.14399907,"[0.0, -0.02, 0.5, 0.0, 0.0, 0.5]"
CONTROL,3189809.8120000213,"[0.0, -0.01, 0.5, 0.0, 0.0, 0.5]"
CONTROL,3209866.843884811,"[0.0, 0.0, 0.5, 0.0, 0.0, 0.5]"
CONTROL,3229923.796840012,"[0.0, 0.0, 0.51, 0.0, 0.0, 0.5]"
CONTROL,3249983.402900398,"[0.0, 0.0, 0.52, 0.0, 0.0, 0.5]"
CONTROL,3270038.9940291643,"[0.0, 0.0, 0.53, 0.0, 0.0, 0.5]"
CONTROL,3290109.226014465,"[0.0, 0.0, 0.54, 0.0, 0.0, 0.5]"
CONTROL,3310170.17387785,"[0.0, 0.0, 0.55, 0.0, 0.0, 0.5]"
CONTROL,3330231.722909957,"[0.0, 0.0, 0.56, 0.0, 0.0, 0.5]"
CONTROL,3350292.050978169,"[0.0, 0.0, 0.57, 0.0, 0.0, 0.5]"
CONTROL,3370352.387893945,"[0.0, 0.0, 0.58, 0.0, 0.0, 0.5]"
CONTROL,3390419.1348701715,"[0.0, 0.0, 0.59, 0.0, 0.0, 0.5]"
CONTROL,3410480.333957821,"[0.0, 0.0, 0.6, 0.0, 0.0, 0.5]"
CONTROL,3430539.9409495294,"[0.0, 0.0, 0.61, 0.0, 0.0, 0.5]"
CONTROL,3450598.1348920614,"[0.0, 0.0, 0.62, 0.0, 0.0, 0.5]"
CONTROL,3470658.792881295,"[0.0, 0.0, 0.63, 0.0, 0.0, 0.5]"
CONTROL,3490704.9988396466,"[0.0, 0.0, 0.64, 0.0, 0.0, 0.5]"
CONTROL,3510760.8300168067,"[0.0, 0.0, 0.65, 0.0, 0.0, 0.5]"
CONTROL,3530822.8398207575,"[0.0, 0.0, 0.66, 0.0, 0.0, 0.5]"
CONTROL,3550881.1238687485,"[0.0, 0.0, 0.67, 0.0, 0.0, 0.5]"
CONTROL,3570939.007913694,"[0.0, 0.0, 0.68, 0.0, 0.0, 0.5]"
CONTROL,3590998.503845185,"[0.0, 0.0, 0.69, 0.0, 0.0, 0.5]"
CONTROL,3611058.951821178,"[0.0, 0.0, 0.7, 0.0, 0.0, 0.5]"
CONTROL,3631115.8838216215,"[0.0, 0.0, 0.69, 0.0, 0.0, 0.5]"
CONTROL,3651176.4619499445,"[0.0, 0.0, 0.68, 0.0, 0.0, 0.5]"
CONTROL,3671237.3099289834,"[0.0, 0.0, 0.67, 0.0, 0.0, 0.5]"
CONTROL,3691297.6580206305,"[0.0, 0.0, 0.66, 0.0, 0.0, 0.5]"
CONTROL,3711356.9639623165,"[0.0, 0.0, 0.65, 0.0, 0.0, 0.5]"
CONTROL,3731413.275003433,"[0.0, 0.0, 0.64, 0.0, 0.0, 0.5]"
CONTROL,3751472.2908381373,"[0.0, 0.0, 0.63, 0.0, 0.0, 0.5]"
CONTROL,3771534.06990692,"[0.0, 0.0, 0.62, 0.0, 0.0, 0.5]"
CONTROL,3791602.7309838682,"[0.0, 0.0, 0.61, 0.0, 0.0, 0.5]"
CONTROL,3811663.2378660142,"[0.0, 0.0, 0.6, 0.0, 0.0, 0.5]"
CONTROL,3831726.18993558,"[0.0, 0.0, 0.59, 0.0, 0.0, 0.5]"
CONTROL,3851788.8400238007,"[0.0, 0.0, 0.58, 0.0, 0.0, 0.5]"
CONTROL,3871848.8379381597,"[0.0, 0.0, 0.57, 0.0, 0.0, 0.5]"
CONTROL,3891907.211858779,"[0.0, 0.0, 0.56, 0.0, 0.0, 0.5]"
CONTROL,3911963.9438576996,"[0.0, 0.0, 0.55, 0.0, 0.0, 0.5]"
CONTROL,3932024.3219844997,"[0.0, 0.0, 0.54, 0.0, 0.0, 0.5]"
CONTROL,3952090.6480029225,"[0.0, 0.0, 0.53, 0.0, 0.0, 0.5]"
CONTROL,3972150.173969567,"[0.0, 0.0, 0.52, 0.0, 0.0, 0.5]"
CONTROL,3992207.3169145733,"[0.0, 0.0, 0.51, 0.0, 0.0, 0.5]"
CONTROL,4012265.0309931487,"[0.0, 0.0, 0.5, 0.0, 0.0, 0.5]"
CONTROL,4032356.1939876527,"[0.0, 0.0, 0.49, 0.0, 0.0, 0.5]"
CONTROL,4052418.0938955396,"[0.0, 0.0, 0.48, 0.0, 0.0, 0.5]"
CONTROL,4072482.05691576,"[0.0, 0.0, 0.47, 0.0, 0.0, 0.5]"
CONTROL,4092554.0218595415,"[0.0, 0.0, 0.46, 0.0, 0.0, 0.5]"
CONTROL,4112616.451922804,"[0.0, 0.0, 0.45, 0.0, 0.0, 0.5]"
CONTROL,4132676.739944145,"[0.0, 0.0, 0.44, 0.0, 0.0, 0.5]"
CONTROL,4152738.7290261686,"[0.0, 0.0, 0.43, 0.0, 0.0, 0.5]"
CONTROL,4172802.341869101,"[0.0, 0.0, 0.42, 0.0, 0.0, 0.5]"
CONTROL,4192865.2729839087,"[0.0, 0.0, 0.41, 0.0, 0.0, 0.5]"
CONTROL,4212932.019960135,"[0.0, 0.0, 0.4, 0.0, 0.0, 0.5]"
CONTROL,4232992.767821997,"[0.0, 0.0, 0.39, 0.0, 0.0, 0.5]"
CONTROL,4253051.853971556,"[0.0, 0.0, 0.38, 0.0, 0.0, 0.5]"
CONTROL,4273114.193929359,"[0.0, 0.0, 0.37, 0.0, 0.0, 0.5]"
CONTROL,4293173.800921068,"[0.0, 0.0, 0.36, 0.0, 0.0, 0.5]"
CONTROL,4313233.737833798,"[0.0, 0.0, 0.35, 0.0, 0.0, 0.5]"
CONTROL,4333292.06192866,"[0.0, 0.0, 0.34, 0.0, 0.0, 0.5]"
CONTROL,4353351.4980226755,"[0.0, 0.0, 0.33, 0.0, 0.0, 0.5]"
CONTROL,4373412.215849385,"[0.0, 0.0, 0.32, 0.0, 0.0, 0.5]"
CONTROL,4393470.2698607,"[0.0, 0.0, 0.31, 0.0, 0.0, 0.5]"
CONTROL,4413530.447985977,"[0.0, 0.0, 0.3, 0.0, 0.0, 0.5]"
CONTROL,4433587.810955942,"[0.0, 0.0, 0.31, 0.0, 0.0, 0.5]"
CONTROL,4453645.794885233,"[0.0, 0.0, 0.32, 0.0, 0.0, 0.5]"
CONTROL,4473704.639822245,"[0.0, 0.0, 0.33, 0.0, 0.0, 0.5]"
CONTROL,4493761.942954734,"[0.0, 0.0, 0.34, 0.0, 0.0, 0.5]"
CONTROL,4513824.072899297,"[0.0, 0.0, 0.35, 0.0, 0.0, 0.5]"
CONTROL,4533882.777905092,"[0.0, 0.0, 0.36, 0.0, 0.0, 0.5]"
CONTROL,4553948.123008013,"[0.0, 0.0, 0.37, 0.0, 0.0, 0.5]"
CONTROL,4574006.056878716,"[0.0, 0.0, 0.38, 0.0, 0.0, 0.5]"
CONTROL,4594062.988879159,"[0.0, 0.0, 0.39, 0.0, 0.0, 0.5]"
CONTROL,4614119.1008500755,"[0.0, 0.0, 0.4, 0.0, 0.0, 0.5]"
CONTROL,4634181.470843032,"[0.0, 0.0, 0.41, 0.0, 0.0, 0.5]"
CONTROL,4654248.4478559345,"[0.0, 0.0, 0.42, 0.0, 0.0, 0.5]"
CONTROL,4674307.243898511,"[0.0, 0.0, 0.43, 0.0, 0.0, 0.5]"
CONTROL,4694376.333849505,"[0.0, 0.0, 0.44, 0.0, 0.0, 0.5]"
CONTROL,4714434.648863971,"[0.0, 0.0, 0.45, 0.0, 0.0, 0.5]"
CONTROL,4734491.400886327,"[0.0, 0.0, 0.46, 0.0, 0.0, 0.5]"
CONTROL,4754550.465848297,"[0.0, 0.0, 0.47, 0.0, 0.0, 0.5]"
CONTROL,4774609.241867438,"[0.0, 0.0, 0.48, 0.0, 0.0, 0.5]"
CONTROL,4794666.183879599,"[0.0, 0.0, 0.49, 0.0, 0.0, 0.5]"
CONTROL,4814722.324954346,"[0.0, 0.0, 0.5, 0.0, 0.0, 0.5]"
CONTROL,4834781.019948423,"[0.0, 0.0, 0.5, 0.01, 0.0, 0.5]"
CONTROL,4854839.88490887,"[0.0, 0.0, 0.5, 0.02, 0.0, 0.5]"
CONTROL,4874898.579902947,"[0.0, 0.0, 0.5, 0.03, 0.0, 0.5]"
CONTROL,4894954.941933975,"[0.0, 0.0, 0.5, 0.04, 0.0, 0.5]"
CONTROL,4915014.517959207,"[0.0, 0.0, 0.5, 0.05, 0.0, 0.5]"
CONTROL,4935071.920976043,"[0.0, 0.0, 0.5, 0.06, 0.0, 0.5]"
CONTROL,4955130.636924878,"[0.0, 0.0, 0.5, 0.07, 0.0, 0.5]"
CONTROL,4975187.798961997,"[0.0, 0.0, 0.5, 0.08, 0.0, 0.5]"
CONTROL,4995244.881836697,"[0.0, 0.0, 0.5, 0.09, 0.0, 0.5]"
CONTROL,5015298.418933526,"[0.0, 0.0, 0.5, 0.1, 0.0, 0.5]"
CONTROL,5035381.099907681,"[0.0, 0.0, 0.5, 0.11, 0.0, 0.5]"
CONTROL,5055440.064985305,"[0.0, 0.0, 0.5, 0.12, 0.0, 0.5]"
CONTROL,5075504.838954657,"[0.0, 0.0, 0.5, 0.13, 0.0, 0.5]"
CONTROL,5095562.04196997,"[0.0, 0.0, 0.5, 0.14, 0.0, 0.5]"
CONTROL,5115620.6268351525,"[0.0, 0.0, 0.5, 0.15, 0.0, 0.5]"
CONTROL,5135679.733008146,"[0.0, 0.0, 0.5, 0.16, 0.0, 0.5]"
CONTROL,5155740.921851248,"[0.0, 0.0, 0.5, 0.17, 0.0, 0.5]"
CONTROL,5175800.1069538295,"[0.0, 0.0, 0.5, 0.18, 0.0, 0.5]"
CONTROL,5195857.690880075,"[0.0, 0.0, 0.5, 0.19, 0.0, 0.5]"
CONTROL,5215921.562863514,"[0.0, 0.0, 0.5, 0.2, 0.0, 0.5]"
CONTROL,5235986.146843061,"[0.0, 0.0, 0.5, 0.19, 0.0, 0.5]"
CONTROL,5256046.644877642,"[0.0, 0.0, 0.5, 0.18, 0.0, 0.5]"
CONTROL,5276107.082841918,"[0.0, 0.0, 0.5, 0.17, 0.0, 0.5]"
CONTROL,5296163.794817403,"[0.0, 0.0, 0.5, 0.16, 0.0, 0.5]"
CONTROL,5316219.815984368,"[0.0, 0.0, 0.5, 0.15, 0.0, 0.5]"
CONTROL,5336278.420872986,"[0.0, 0.0, 0.5, 0.14, 0.0, 0.5]"
CONTROL,5356334.901880473,"[0.0, 0.0, 0.5, 0.13, 0.0, 0.5]"
CONTROL,5376393.937971443,"[0.0, 0.0, 0.5, 0.12, 0.0, 0.5]"
CONTROL,5396452.001994476,"[0.0, 0.0, 0.5, 0.11, 0.0, 0.5]"
CONTROL,5416507.452027872,"[0.0, 0.0, 0.5, 0.1, 0.0, 0.5]"
CONTROL,5436569.642974064,"[0.0, 0.0, 0.5, 0.09, 0.0, 0.5]"
CONTROL,5456626.344937831,"[0.0, 0.0, 0.5, 0.08, 0.0, 0.5]"
CONTROL,5476683.416869491,"[0.0, 0.0, 0.5, 0.07, 0.0, 0.5]"
CONTROL,5496701.3008426875,"[0.0, 0.0, 0.5, 0.06, 0.0, 0.5]"
CONTROL,5516755.749937147,"[0.0, 0.0, 0.5, 0.05, 0.0, 0.5]"
CONTROL,5536813.553888351,"[0.0, 0.0, 0.5, 0.04, 0.0, 0.5]"
CONTROL,5556879.609823227,"[0.0, 0.0, 0.5, 0.03, 0.0, 0.5]"
CONTROL,5576943.872962147,"[0.0, 0.0, 0.5, 0.02, 0.0, 0.5]"
CONTROL,5597001.085989177,"[0.0, 0.0, 0.5, 0.01, 0.0, 0.5]"
CONTROL,5617055.504815653,"[0.0, 0.0, 0.5, 0.0, 0.0, 0.5]"
CONTROL,5637120.628962293,"[0.0, 0.0, 0.5, -0.01, 0.0, 0.5]"
CONTROL,5657186.575001106,"[0.0, 0.0, 0.5, -0.02, 0.0, 0.5]"
CONTROL,5677251.199027523,"[0.0, 0.0, 0.5, -0.03, 0.0, 0.5]"
CONTROL,5697309.502866119,"[0.0, 0.0, 0.5, -0.04, 0.0, 0.5]"
CONTROL,5717369.940830395,"[0.0, 0.0, 0.5, -0.05, 0.0, 0.5]"
CONTROL,5737428.575986996,"[0.0, 0.0, 0.5, -0.06, 0.0, 0.5]"
CONTROL,5757488.001836464,"[0.0, 0.0, 0.5, -0.07, 0.0, 0.5]"
CONTROL,5777545.464923605,"[0.0, 0.0, 0.5, -0.08, 0.0, 0.5]"
CONTROL,5797604.501014575,"[0.0, 0.0, 0.5, -0.09, 0.0, 0.5]"
CONTROL,5817664.318019524,"[0.0, 0.0, 0.5, -0.1, 0.0, 0.5]"
CONTROL,5837709.191953763,"[0.0, 0.0, 0.5, -0.11, 0.0, 0.5]"
CONTROL,5857771.9128225,"[0.0, 0.0, 0.5, -0.12, 0.0, 0.5]"
CONTROL,5877831.659046933,"[0.0, 0.0, 0.5, -0.13, 0.0, 0.5]"
CONTROL,5897887.730970979,"[0.0, 0.0, 0.5, -0.14, 0.0, 0.5]"
CONTROL,5917944.4529581815,"[0.0, 0.0, 0.5, -0.15, 0.0, 0.5]"
CONTROL,5938002.696959302,"[0.0, 0.0, 0.5, -0.16, 0.0, 0.5]"
CONTROL,5958066.890016198,"[0.0, 0.0, 0.5, -0.17, 0.0, 0.5]"
CONTROL,5978126.145899296,"[0.0, 0.0, 0.5, -0.18, 0.0, 0.5]"
CONTROL,5998185.50189957,"[0.0, 0.0, 0.5, -0.19, 0.0, 0.5]"
CONTROL,6018244.978040457,"[0.0, 0.0, 0.5, -0.2, 0.0, 0.5]"
CONTROL,6038325.825938955,"[0.0, 0.0, 0.5, -0.19, 0.0, 0.5]"
CONTROL,6058390.820864588,"[0.0, 0.0, 0.5, -0.18, 0.0, 0.5]"
CONTROL,6078449.525870383,"[0.0, 0.0, 0.5, -0.17, 0.0, 0.5]"
CONTROL,6098509.983858094,"[0.0, 0.0, 0.5, -0.16, 0.0, 0.5]"
CONTROL,6118569.278856739,"[0.0, 0.0, 0.5, -0.15, 0.0, 0.5]"
CONTROL,6138632.501009852,"[0.0, 0.0, 0.5, -0.14, 0.0, 0.5]"
CONTROL,6158692.427910864,"[0.0, 0.0, 0.5, -0.13, 0.0, 0.5]"
CONTROL,6178752.735955641,"[0.0, 0.0, 0.5, -0.12, 0.0, 0.5]"
CONTROL,6198810.268891975,"[0.0, 0.0, 0.5, -0.11, 0.0, 0.5]"
CONTROL,6218868.562951684,"[0.0, 0.0, 0.5, -0.1, 0.0, 0.5]"
CONTROL,6238927.618833259,"[0.0, 0.0, 0.5, -0.09, 0.0, 0.5]"
CONTROL,6258991.722017527,"[0.0, 0.0, 0.5, -0.08, 0.0, 0.5]"
CONTROL,6279051.568824798,"[0.0, 0.0, 0.5, -0.07, 0.0, 0.5]"
CONTROL,6299109.742976725,"[0.0, 0.0, 0.5, -0.06, 0.0, 0.5]"
CONTROL,6319168.478017673,"[0.0, 0.0, 0.5, -0.05, 0.0, 0.5]"
CONTROL,6339227.513875812,"[0.0, 0.0, 0.5, -0.04, 0.0, 0.5]"
CONTROL,6359292.347915471,"[0.0, 0.0, 0.5, -0.03, 0.0, 0.5]"
CONTROL,6379350.1309119165,"[0.0, 0.0, 0.5, -0.02, 0.0, 0.5]"
CONTROL,6399408.936966211,"[0.0, 0.0, 0.5, -0.01, 0.0, 0.5]"
CONTROL,6419464.005855843,"[0.0, 0.0, 0.5, 0.0, 0.0, 0.5]"
CONTROL,6439531.023846939,"[0.0, 0.0, 0.5, 0.0, 0.01, 0.5]"
CONTROL,6459594.575921074,"[0.0, 0.0, 0.5, 0.0, 0.02, 0.5]"
CONTROL,6479652.459966019,"[0.0, 0.0, 0.5, 0.0, 0.03, 0.5]"
CONTROL,6499708.340968937,"[0.0, 0.0, 0.5, 0.0, 0.04, 0.5]"
CONTROL,6519763.76096718,"[0.0, 0.0, 0.5, 0.0, 0.05, 0.5]"
CONTROL,6539825.520012528,"[0.0, 0.0, 0.5, 0.0, 0.06, 0.5]"
CONTROL,6559892.236953601,"[0.0, 0.0, 0.5, 0.0, 0.07, 0.5]"
CONTROL,6579950.741957873,"[0.0, 0.0, 0.5, 0.0, 0.08, 0.5]"
CONTROL,6600008.354987949,"[0.0, 0.0, 0.5, 0.0, 0.09, 0.5]"
CONTROL,6620067.3908460885,"[0.0, 0.0, 0.5, 0.0, 0.1, 0.5]"
CONTROL,6640125.694917515,"[0.0, 0.0, 0.5, 0.0, 0.11, 0.5]"
CONTROL,6660186.463966966,"[0.0, 0.0, 0.5, 0.0, 0.12, 0.5]"
CONTROL,6680244.206916541,"[0.0, 0.0, 0.5, 0.0, 0.13, 0.5]"
CONTROL,6700304.263969883,"[0.0, 0.0, 0.5, 0.0, 0.14, 0.5]"
CONTROL,6720363.43999207,"[0.0, 0.0, 0.5, 0.0, 0.15, 0.5]"
CONTROL,6740429.796045646,"[0.0, 0.0, 0.5, 0.0, 0.16, 0.5]"
CONTROL,6760490.695014596,"[0.0, 0.0, 0.5, 0.0, 0.17, 0.5]"
CONTROL,6780548.698036,"[0.0, 0.0, 0.5, 0.0, 0.18, 0.5]"
CONTROL,6800608.115037903,"[0.0, 0.0, 0.5, 0.0, 0.19, 0.5]"
CONTROL,6820668.712956831,"[0.0, 0.0, 0.5, 0.0, 0.2, 0.5]"
CONTROL,6840712.014818564,"[0.0, 0.0, 0.5, 0.0, 0.19, 0.5]"
CONTROL,6860772.782936692,"[0.0, 0.0, 0.5, 0.0, 0.18, 0.5]"
CONTROL,6880832.518916577,"[0.0, 0.0, 0.5, 0.0, 0.17, 0.5]"
CONTROL,6900888.850912452,"[0.0, 0.0, 0.5, 0.0, 0.16, 0.5]"
CONTROL,6920949.409017339,"[0.0, 0.0, 0.5, 0.0, 0.15, 0.5]"
CONTROL,6941013.050964102,"[0.0, 0.0, 0.5, 0.0, 0.14, 0.5]"
CONTROL,6961078.275926411,"[0.0, 0.0, 0.5, 0.0, 0.13, 0.5]"
CONTROL,6981140.736956149,"[0.0, 0.0, 0.5, 0.0, 0.12, 0.5]"
CONTROL,7001199.36093688,"[0.0, 0.0, 0.5, 0.0, 0.11, 0.5]"
CONTROL,7021266.027819365,"[0.0, 0.0, 0.5, 0.0, 0.1, 0.5]"
CONTROL,7041365.363867953,"[0.0, 0.0, 0.5, 0.0, 0.09, 0.5]"
CONTROL,7061429.21699211,"[0.0, 0.0, 0.5, 0.0, 0.08, 0.5]"
CONTROL,7081491.496879607,"[0.0, 0.0, 0.5, 0.0, 0.07, 0.5]"
CONTROL,7101550.793042406,"[0.0, 0.0, 0.5, 0.0, 0.06, 0.5]"
CONTROL,7121611.580951139,"[0.0, 0.0, 0.5, 0.0, 0.05, 0.5]"
CONTROL,7141678.758896887,"[0.0, 0.0, 0.5, 0.0, 0.04, 0.5]"
CONTROL,7161738.866008818,"[0.0, 0.0, 0.5, 0.0, 0.03, 0.5]"
CONTROL,7181804.911931977,"[0.0, 0.0, 0.5, 0.0, 0.02, 0.5]"
CONTROL,7201865.148963407,"[0.0, 0.0, 0.5, 0.0, 0.01, 0.5]"
CONTROL,7221924.394834787,"[0.0, 0.0, 0.5, 0.0, 0.0, 0.5]"
CONTROL,7241995.7388192415,"[0.0, 0.0, 0.5, 0.0, -0.01, 0.5]"
CONTROL,7262062.615947798,"[0.0, 0.0, 0.5, 0.0, -0.02, 0.5]"
CONTROL,7282122.602919117,"[0.0, 0.0, 0.5, 0.0, -0.03, 0.5]"
CONTROL,7302180.917002261,"[0.0, 0.0, 0.5, 0.0, -0.04, 0.5]"
CONTROL,7322240.783832967,"[0.0, 0.0, 0.5, 0.0, -0.05, 0.5]"
CONTROL,7342306.549893692,"[0.0, 0.0, 0.5, 0.0, -0.06, 0.5]"
CONTROL,7362362.741027027,"[0.0, 0.0, 0.5, 0.0, -0.07, 0.5]"
CONTROL,7382420.765003189,"[0.0, 0.0, 0.5, 0.0, -0.08, 0.5]"
CONTROL,7402477.646945044,"[0.0, 0.0, 0.5, 0.0, -0.09, 0.5]"
CONTROL,7422535.640886053,"[0.0, 0.0, 0.5, 0.0, -0.1, 0.5]"
CONTROL,7442601.035814732,"[0.0, 0.0, 0.5, 0.0, -0.11, 0.5]"
CONTROL,7462664.658902213,"[0.0, 0.0, 0.5, 0.0, -0.12, 0.5]"
CONTROL,7482723.763911054,"[0.0, 0.0, 0.5, 0.0, -0.13, 0.5]"
CONTROL,7502783.149946481,"[0.0, 0.0, 0.5, 0.0, -0.14, 0.5]"
CONTROL,7522844.418883324,"[0.0, 0.0, 0.5, 0.0, -0.15, 0.5]"
CONTROL,7542905.337875709,"[0.0, 0.0, 0.5, 0.0, -0.16, 0.5]"
CONTROL,7562968.198908493,"[0.0, 0.0, 0.5, 0.0, -0.17, 0.5]"
CONTROL,7583027.0438455045,"[0.0, 0.0, 0.5, 0.0, -0.18, 0.5]"
CONTROL,7603091.837838292,"[0.0, 0.0, 0.5, 0.0, -0.19, 0.5]"
CONTROL,7623159.956885502,"[0.0, 0.0, 0.5, 0.0, -0.2, 0.5]"
CONTROL,7643217.5708469,"[0.0, 0.0, 0.5, 0.0, -0.19, 0.5]"
CONTROL,7663278.45887281,"[0.0, 0.0, 0.5, 0.0, -0.18, 0.5]"
CONTROL,7683340.167859569,"[0.0, 0.0, 0.5, 0.0, -0.17, 0.5]"
CONTROL,7703405.683860183,"[0.0, 0.0, 0.5, 0.0, -0.16, 0.5]"
CONTROL,7723474.242957309,"[0.0, 0.0, 0.5, 0.0, -0.15, 0.5]"
CONTROL,7743536.623893306,"[0.0, 0.0, 0.5, 0.0, -0.14, 0.5]"
CONTROL,7763603.640953079,"[0.0, 0.0, 0.5, 0.0, -0.13, 0.5]"
CONTROL,7783663.757843897,"[0.0, 0.0, 0.5, 0.0, -0.12, 0.5]"
CONTROL,7803723.123855889,"[0.0, 0.0, 0.5, 0.0, -0.11, 0.5]"
CONTROL,7823779.877042398,"[0.0, 0.0, 0.5, 0.0, -0.1, 0.5]"
CONTROL,7843839.362962171,"[0.0, 0.0, 0.5, 0.0, -0.09, 0.5]"
CONTROL,7863898.387877271,"[0.0, 0.0, 0.5, 0.0, -0.08, 0.5]"
CONTROL,7883957.664016634,"[0.0, 0.0, 0.5, 0.0, -0.07, 0.5]"
CONTROL,7904014.776926488,"[0.0, 0.0, 0.5, 0.0, -0.06, 0.5]"
CONTROL,7924073.301954195,"[0.0, 0.0, 0.5, 0.0, -0.05, 0.5]"
CONTROL,7944131.775991991,"[0.0, 0.0, 0.5, 0.0, -0.04, 0.5]"
CONTROL,7964189.7599212825,"[0.0, 0.0, 0.5, 0.0, -0.03, 0.5]"
CONTROL,7984249.105909839,"[0.0, 0.0, 0.5, 0.0, -0.02, 0.5]"
CONTROL,8004306.268878281,"[0.0, 0.0, 0.5, 0.0, -0.01, 0.5]"
CONTROL,8024373.82703647,"[0.0, 0.0, 0.5, 0.0, 0.0, 0.5]"
CONTROL,8044457.939919084,"[0.0, 0.0, 0.5, 0.0, 0.0, 0.51]"
CONTROL,8064519.0079230815,"[0.0, 0.0, 0.5, 0.0, 0.0, 0.52]"
CONTROL,8084577.552974224,"[0.0, 0.0, 0.5, 0.0, 0.0, 0.53]"
CONTROL,8104637.50991039,"[0.0, 0.0, 0.5, 0.0, 0.0, 0.54]"
CONTROL,8124694.492900744,"[0.0, 0.0, 0.5, 0.0, 0.0, 0.55]"
CONTROL,8144754.800014198,"[0.0, 0.0, 0.5, 0.0, 0.0, 0.56]"
CONTROL,8164816.168835387,"[0.0, 0.0, 0.5, 0.0, 0.0, 0.57]"
CONTROL,8184875.0750068575,"[0.0, 0.0, 0.5, 0.0, 0.0, 0.58]"
CONTROL,8204931.75694719,"[0.0, 0.0, 0.5, 0.0, 0.0, 0.59]"
CONTROL,8224993.365816772,"[0.0, 0.0, 0.5, 0.0, 0.0, 0.6]"
CONTROL,8245053.692953661,"[0.0, 0.0, 0.5, 0.0, 0.0, 0.61]"
CONTROL,8265111.907850951,"[0.0, 0.0, 0.5, 0.0, 0.0, 0.62]"
CONTROL,8285167.898982763,"[0.0, 0.0, 0.5, 0.0, 0.0, 0.63]"
CONTROL,8305227.695032954,"[0.0, 0.0, 0.5, 0.0, 0.0, 0.64]"
CONTROL,8325285.218888894,"[0.0, 0.0, 0.5, 0.0, 0.0, 0.65]"
CONTROL,8345347.398892045,"[0.0, 0.0, 0.5, 0.0, 0.0, 0.66]"
CONTROL,8365408.356999978,"[0.0, 0.0, 0.5, 0.0, 0.0, 0.67]"
CONTROL,8385475.415037945,"[0.0, 0.0, 0.5, 0.0, 0.0, 0.68]"
CONTROL,8405532.767996192,"[0.0, 0.0, 0.5, 0.0, 0.0, 0.69]"
CONTROL,8425595.94893828,"[0.0, 0.0, 0.5, 0.0, 0.0, 0.7]"
CONTROL,8445629.7068391,"[0.0, 0.0, 0.5, 0.0, 0.0, 0.69]"
CONTROL,8465692.047961056,"[0.0, 0.0, 0.5, 0.0, 0.0, 0.68]"
CONTROL,8485754.708992317,"[0.0, 0.0, 0.5, 0.0, 0.0, 0.67]"
CONTROL,8505816.517863423,"[0.0, 0.0, 0.5, 0.0, 0.0, 0.66]"
CONTROL,8525878.879008815,"[0.0, 0.0, 0.5, 0.0, 0.0, 0.65]"
CONTROL,8545938.514871523,"[0.0, 0.0, 0.5, 0.0, 0.0, 0.64]"
CONTROL,8565999.152837321,"[0.0, 0.0, 0.5, 0.0, 0.0, 0.63]"
CONTROL,8586057.66785331,"[0.0, 0.0, 0.5, 0.0, 0.0, 0.62]"
CONTROL,8606117.554940283,"[0.0, 0.0, 0.5, 0.0, 0.0, 0.61]"
CONTROL,8626186.234876513,"[0.0, 0.0, 0.5, 0.0, 0.0, 0.6]"
CONTROL,8646254.424005747,"[0.0, 0.0, 0.5, 0.0, 0.0, 0.59]"
CONTROL,8666311.115957797,"[0.0, 0.0, 0.5, 0.0, 0.0, 0.58]"
CONTROL,8686369.509901851,"[0.0, 0.0, 0.5, 0.0, 0.0, 0.57]"
CONTROL,8706427.013967186,"[0.0, 0.0, 0.5, 0.0, 0.0, 0.56]"
CONTROL,8726485.528983176,"[0.0, 0.0, 0.5, 0.0, 0.0, 0.55]"
CONTROL,8746546.756941825,"[0.0, 0.0, 0.5, 0.0, 0.0, 0.54]"
CONTROL,8766606.092918664,"[0.0, 0.0, 0.5, 0.0, 0.0, 0.53]"
CONTROL,8786665.038904175,"[0.0, 0.0, 0.5, 0.0, 0.0, 0.52]"
CONTROL,8806723.622838035,"[0.0, 0.0, 0.5, 0.0, 0.0, 0.51]"
CONTROL,8826777.971815318,"[0.0, 0.0, 0.5, 0.0, 0.0, 0.5]"
CONTROL,8846844.317857176,"[0.0, 0.0, 0.5, 0.0, 0.0, 0.49]"
CONTROL,8866903.974907473,"[0.0, 0.0, 0.5, 0.0, 0.0, 0.48]"
CONTROL,8886965.293902904,"[0.0, 0.0, 0.5, 0.0, 0.0, 0.47]"
CONTROL,8907025.540946051,"[0.0, 0.0, 0.5, 0.0, 0.0, 0.46]"
CONTROL,8927081.67200908,"[0.0, 0.0, 0.5, 0.0, 0.0, 0.45]"
CONTROL,8947139.044990763,"[0.0, 0.0, 0.5, 0.0, 0.0, 0.44]"
CONTROL,8967201.59589313,"[0.0, 0.0, 0.5, 0.0, 0.0, 0.43]"
CONTROL,8987263.08485493,"[0.0, 0.0, 0.5, 0.0, 0.0, 0.42]"
CONTROL,9007324.193837121,"[0.0, 0.0, 0.5, 0.0, 0.0, 0.41]"
CONTROL,9027380.655985326,"[0.0, 0.0, 0.5, 0.0, 0.0, 0.4]"
CONTROL,9047465.829877183,"[0.0, 0.0, 0.5, 0.0, 0.0, 0.39]"
CONTROL,9067525.355843827,"[0.0, 0.0, 0.5, 0.0, 0.0, 0.38]"
CONTROL,9087590.991985053,"[0.0, 0.0, 0.5, 0.0, 0.0, 0.37]"
CONTROL,9107656.426960602,"[0.0, 0.0, 0.5, 0.0, 0.0, 0.36]"
CONTROL,9127702.552825212,"[0.0, 0.0, 0.5, 0.0, 0.0, 0.35]"
CONTROL,9147763.371001929,"[0.0, 0.0, 0.5, 0.0, 0.0, 0.34]"
CONTROL,9167823.90885055,"[0.0, 0.0, 0.5, 0.0, 0.0, 0.33]"
CONTROL,9187883.835984394,"[0.0, 0.0, 0.5, 0.0, 0.0, 0.32]"
CONTROL,9207941.368920729,"[0.0, 0.0, 0.5, 0.0, 0.0, 0.31]"
CONTROL,9227999.202907085,"[0.0, 0.0, 0.5, 0.0, 0.0, 0.3]"
CONTROL,9248057.327000424,"[0.0, 0.0, 0.5, 0.0, 0.0, 0.31]"
CONTROL,9268117.49394983,"[0.0, 0.0, 0.5, 0.0, 0.0, 0.32]"
CONTROL,9288176.479982212,"[0.0, 0.0, 0.5, 0.0, 0.0, 0.33]"
CONTROL,9308233.972871676,"[0.0, 0.0, 0.5, 0.0, 0.0, 0.34]"
CONTROL,9328293.949831277,"[0.0, 0.0, 0.5, 0.0, 0.0, 0.35]"
CONTROL,9348354.13703695,"[0.0, 0.0, 0.5, 0.0, 0.0, 0.36]"
CONTROL,9368409.957969561,"[0.0, 0.0, 0.5, 0.0, 0.0, 0.37]"
CONTROL,9388471.49698995,"[0.0, 0.0, 0.5, 0.0, 0.0, 0.38]"
CONTROL,9408535.399939865,"[0.0, 0.0, 0.5, 0.0, 0.0, 0.39]"
CONTROL,9428597.911028191,"[0.0, 0.0, 0.5, 0.0, 0.0, 0.4]"
CONTROL,9448656.37482144,"[0.0, 0.0, 0.5, 0.0, 0.0, 0.41]"
CONTROL,9468712.72684075,"[0.0, 0.0, 0.5, 0.0, 0.0, 0.42]"
CONTROL,9488771.541975439,"[0.0, 0.0, 0.5, 0.0, 0.0, 0.43]"
CONTROL,9508829.305879772,"[0.0, 0.0, 0.5, 0.0, 0.0, 0.44]"
CONTROL,9528886.51797548,"[0.0, 0.0, 0.5, 0.0, 0.0, 0.45]"
CONTROL,9548945.183865726,"[0.0, 0.0, 0.5, 0.0, 0.0, 0.46]"
CONTROL,9569003.076991066,"[0.0, 0.0, 0.5, 0.0, 0.0, 0.47]"
CONTROL,9589059.608988464,"[0.0, 0.0, 0.5, 0.0, 0.0, 0.48]"
CONTROL,9609116.951934993,"[0.0, 0.0, 0.5, 0.0, 0.0, 0.49]"
CONTROL,9629175.887908787,"[0.0, 0.0, 0.5, 0.0, 0.0, 0.5]"
